step,halted_vehicles
0,9
1,3
2,0
3,0
4,0
5,0
6,0
7,0
8,0
9,0
10,0
11,0
12,0
13,0
14,0
15,0
16,0
17,1
18,2
19,0
20,0
21,0
22,0
23,1
24,0
25,0
26,0
27,0
28,0
29,0
30,0
31,0
32,0
33,1
34,0
35,0
36,2
37,0
38,0
39,0
40,0
41,1
42,1
43,2
44,3
45,4
46,4
47,4
48,4
49,4
50,5
51,4
52,4
53,4
54,7
55,5
56,6
57,6
58,6
59,6
60,6
61,0
62,0
63,0
64,0
65,1
66,3
67,1
68,2
69,1
70,1
71,1
72,4
73,2
74,1
75,1
76,1
77,1
78,1
79,1
80,2
81,2
82,3
83,2
84,2
85,2
86,2
87,2
88,3
89,3
90,7
91,0
92,0
93,0
94,0
95,0
96,1
97,1
98,1
99,2
100,1
101,1
102,1
103,1
104,1
105,1
106,1
107,1
108,3
109,1
110,2
111,2
112,2
113,4
114,4
115,5
116,5
117,5
118,5
119,5
120,5
121,0
122,0
123,0
124,0
125,0
126,2
127,0
128,0
129,0
130,0
131,2
132,1
133,1
134,3
135,4
136,3
137,3
138,3
139,3
140,3
141,3
142,3
143,3
144,5
145,5
146,3
147,3
148,4
149,3
150,4
151,0
152,0
153,0
154,0
155,0
156,0
157,0
158,1
159,0
160,1
161,1
162,2
163,2
164,2
165,1
166,1
167,2
168,1
169,1
170,2
171,2
172,3
173,3
174,3
175,3
176,3
177,3
178,3
179,4
180,10
181,1
182,0
183,0
184,0
185,0
186,0
187,0
188,0
189,1
190,1
191,2
192,2
193,2
194,2
195,2
196,2
197,3
198,5
199,2
200,2
201,2
202,2
203,2
204,3
205,4
206,4
207,4
208,4
209,4
210,4
211,0
212,0
213,1
214,0
215,0
216,3
217,1
218,1
219,1
220,1
221,1
222,1
223,1
224,2
225,4
226,4
227,3
228,3
229,3
230,4
231,3
232,3
233,3
234,6
235,4
236,4
237,4
238,4
239,4
240,6
241,0
242,0
243,0
244,0
245,0
246,1
247,0
248,2
249,1
250,1
251,1
252,2
253,2
254,1
255,1
256,1
257,1
258,2
259,2
260,3
261,3
262,4
263,4
264,3
265,3
266,3
267,3
268,4
269,4
270,8
271,0
272,0
273,0
274,0
275,0
276,0
277,1
278,1
279,2
280,1
281,1
282,1
283,1
284,1
285,1
286,1
287,1
288,5
289,2
290,3
291,2
292,2
293,3
294,2
295,3
296,3
297,3
298,3
299,3
300,3
301,0
302,0
303,0
304,0
305,0
306,2
307,0
308,0
309,0
310,0
311,1
312,0
313,1
314,3
315,4
316,3
317,3
318,3
319,3
320,3
321,3
322,3
323,3
324,5
325,3
326,3
327,3
328,5
329,3
330,3
331,1
332,0
333,0
334,0
335,0
336,0
337,0
338,1
339,0
340,1
341,1
342,3
343,1
344,1
345,2
346,1
347,1
348,1
349,2
350,2
351,2
352,2
353,3
354,3
355,3
356,3
357,3
358,3
359,3
360,7
361,5
362,4
363,4
364,4
365,3
366,3
367,4
368,4
369,4
370,4
371,5
372,6
373,6
374,6
375,6
376,0
377,1
378,2
379,0
380,0
381,0
382,1
383,1
384,2
385,2
386,2
387,2
388,2
389,2
390,2
391,0
392,0
393,1
394,0
395,0
396,3
397,0
398,0
399,0
400,1
401,1
402,1
403,1
404,1
405,2
406,2
407,3
408,3
409,3
410,4
411,3
412,3
413,3
414,5
415,3
416,3
417,4
418,4
419,5
420,5
421,0
422,0
423,0
424,0
425,0
426,0
427,2
428,2
429,1
430,1
431,1
432,3
433,1
434,2
435,2
436,1
437,1
438,2
439,2
440,2
441,2
442,3
443,2
444,2
445,2
446,2
447,2
448,3
449,3
450,7
451,0
452,1
453,0
454,0
455,0
456,1
457,1
458,1
459,3
460,1
461,1
462,1
463,1
464,1
465,1
466,1
467,1
468,3
469,1
470,2
471,2
472,2
473,3
474,2
475,4
476,4
477,4
478,4
479,4
480,4
481,0
482,0
483,0
484,0
485,0
486,2
487,0
488,0
489,0
490,0
491,2
492,1
493,3
494,3
495,4
496,3
497,3
498,3
499,3
500,3
501,3
502,3
503,3
504,7
505,4
506,4
507,4
508,5
509,4
510,4
511,0
512,0
513,0
514,0
515,0
516,0
517,0
518,2
519,1
520,1
521,1
522,3
523,1
524,1
525,1
526,3
527,1
528,1
529,1
530,1
531,2
532,2
533,3
534,3
535,3
536,3
537,3
538,3
539,3
540,8
541,2
542,2
543,1
544,1
545,1
546,1
547,2
548,2
549,2
550,2
551,2
552,2
553,2
554,2
555,2
556,2
557,3
558,4
559,2
560,3
561,3
562,3
563,4
564,3
565,3
566,4
567,4
568,4
569,4
570,4
571,0
572,0
573,1
574,0
575,0
576,3
577,1
578,0
579,0
580,0
581,0
582,0
583,1
584,2
585,3
586,2
587,2
588,2
589,2
590,3
591,3
592,2
593,2
594,3
595,4
596,3
597,3
598,3
599,4
600,4
601,0
602,0
603,0
604,0
605,0
606,2
607,1
608,1
609,2
610,1
611,1
612,2
613,1
614,2
615,1
616,2
617,2
618,2
619,2
620,3
621,3
622,4
623,3
624,3
625,3
626,3
627,3
628,4
629,4
630,8
631,0
632,0
633,0
634,0
635,1
636,1
637,1
638,2
639,3
640,2
641,2
642,2
643,2
644,2
645,2
646,2
647,2
648,7
649,3
650,3
651,3
652,3
653,4
654,3
655,4
656,5
657,4
658,4
659,5
660,4
661,0
662,0
663,0
664,0
665,0
666,2
667,0
668,0
669,0
670,0
671,1
672,0
673,1
674,2
675,4
676,3
677,3
678,3
679,4
680,3
681,3
682,3
683,3
684,5
685,3
686,3
687,3
688,4
689,3
690,3
691,0
692,0
693,0
694,1
695,1
696,1
697,1
698,2
699,1
700,1
701,1
702,2
703,1
704,1
705,3
706,2
707,2
708,2
709,3
710,4
711,4
712,4
713,4
714,5
715,5
716,5
717,5
718,5
719,5
720,9
721,3
722,1
723,1
724,1
725,0
726,1
727,1
728,1
729,2
730,2
731,2
732,2
733,2
734,2
735,2
736,2
737,3
738,4
739,2
740,3
741,3
742,3
743,4
744,3
745,4
746,4
747,4
748,4
749,4
750,4
751,0
752,0
753,1
754,0
755,0
756,2
757,0
758,0
759,1
760,1
761,1
762,2
763,2
764,3
765,5
766,4
767,4
768,4
769,4
770,5
771,4
772,4
773,4
774,6
775,4
776,4
777,4
778,5
779,5
780,5
781,0
782,0
783,0
784,0
785,0
786,2
787,2
788,2
789,1
790,1
791,1
792,4
793,1
794,2
795,1
796,1
797,1
798,1
799,2
800,2
801,2
802,3
803,2
804,2
805,2
806,2
807,2
808,3
809,3
810,7
811,0
812,0
813,0
814,0
815,0
816,1
817,1
818,1
819,3
820,1
821,1
822,1
823,1
824,1
825,1
826,1
827,1
828,4
829,2
830,2
831,3
832,3
833,4
834,3
835,5
836,4
837,4
838,5
839,5
840,5
841,0
842,0
843,0
844,0
845,0
846,2
847,0
848,0
849,0
850,0
851,1
852,2
853,2
854,3
855,3
856,4
857,3
858,3
859,3
860,3
861,3
862,3
863,3
864,6
865,3
866,4
867,3
868,4
869,3
870,4
871,1
872,1
873,1
874,1
875,1
876,1
877,1
878,2
879,2
880,2
881,2
882,3
883,3
884,2
885,3
886,2
887,2
888,2
889,2
890,2
891,3
892,3
893,3
894,4
895,4
896,4
897,4
898,5
899,4
900,10
901,2
902,0
903,0
904,0
905,0
906,1
907,1
908,1
909,1
910,2
911,2
912,2
913,3
914,3
915,3
916,3
917,4
918,6
919,3
920,4
921,4
922,4
923,5
924,5
925,5
926,5
927,5
928,5
929,5
930,5
931,0
932,0
933,0
934,1
935,0
936,4
937,0
938,0
939,0
940,0
941,0
942,1
943,1
944,2
945,3
946,2
947,2
948,2
949,2
950,3
951,2
952,2
953,3
954,5
955,3
956,3
957,3
958,3
959,3
960,4
961,0
962,0
963,0
964,0
965,0
966,2
967,1
968,2
969,1
970,1
971,1
972,3
973,1
974,1
975,1
976,1
977,1
978,2
979,2
980,3
981,3
982,5
983,3
984,4
985,3
986,3
987,3
988,4
989,4
990,7
991,0
992,1
993,0
994,0
995,0
996,1
997,1
998,1
999,2
1000,1
1001,2
1002,2
1003,2
1004,2
1005,2
1006,2
1007,2
1008,5
1009,3
1010,3
1011,3
1012,3
1013,4
1014,4
1015,5
1016,4
1017,4
1018,4
1019,4
1020,4
1021,0
1022,0
1023,0
1024,0
1025,0
1026,2
1027,0
1028,0
1029,0
1030,0
1031,1
1032,0
1033,2
1034,3
1035,4
1036,3
1037,3
1038,3
1039,3
1040,3
1041,3
1042,3
1043,3
1044,5
1045,3
1046,3
1047,3
1048,5
1049,3
1050,3
1051,0
1052,0
1053,0
1054,0
1055,0
1056,0
1057,0
1058,2
1059,1
1060,1
1061,1
1062,2
1063,1
1064,3
1065,1
1066,1
1067,1
1068,1
1069,2
1070,2
1071,2
1072,2
1073,2
1074,3
1075,3
1076,3
1077,3
1078,3
1079,3
1080,9
1081,2
1082,0
1083,1
1084,0
1085,0
1086,0
1087,0
1088,1
1089,1
1090,1
1091,1
1092,1
1093,1
1094,1
1095,1
1096,1
1097,2
1098,3
1099,1
1100,1
1101,2
1102,2
1103,3
1104,2
1105,2
1106,3
1107,3
1108,3
1109,3
1110,3
1111,0
1112,0
1113,1
1114,1
1115,0
1116,0
1117,2
1118,0
1119,0
1120,1
1121,1
1122,1
1123,2
1124,3
1125,4
1126,4
1127,3
1128,3
1129,3
1130,4
1131,3
1132,3
1133,3
1134,5
1135,3
1136,3
1137,3
1138,4
1139,5
1140,6
1141,1
1142,0
1143,0
1144,0
1145,0
1146,1
1147,1
1148,2
1149,2
1150,1
1151,1
1152,3
1153,2
1154,2
1155,1
1156,1
1157,1
1158,1
1159,1
1160,2
1161,2
1162,3
1163,2
1164,2
1165,2
1166,2
1167,2
1168,2
1169,2
1170,6
1171,1
1172,0
1173,0
1174,0
1175,0
1176,0
1177,1
1178,1
1179,2
1180,2
1181,1
1182,1
1183,1
1184,1
1185,1
1186,1
1187,1
1188,2
1189,2
1190,1
1191,1
1192,2
1193,3
1194,3
1195,4
1196,3
1197,4
1198,4
1199,4
1200,5
1201,0
1202,0
1203,0
1204,0
1205,0
1206,2
1207,0
1208,0
1209,0
1210,0
1211,1
1212,1
1213,1
1214,2
1215,2
1216,4
1217,3
1218,3
1219,3
1220,3
1221,3
1222,3
1223,3
1224,6
1225,3
1226,3
1227,4
1228,4
1229,3
1230,3
1231,0
1232,0
1233,0
1234,0
1235,0
1236,0
1237,0
1238,2
1239,1
1240,1
1241,1
1242,3
1243,1
1244,3
1245,1
1246,1
1247,1
1248,1
1249,2
1250,2
1251,2
1252,2
1253,2
1254,2
1255,2
1256,3
1257,3
1258,3
1259,3
1260,7
1261,2
1262,1
1263,0
1264,0
1265,0
1266,0
1267,1
1268,1
1269,1
1270,1
1271,2
1272,2
1273,2
1274,2
1275,2
1276,2
1277,3
1278,4
1279,2
1280,2
1281,2
1282,3
1283,4
1284,3
1285,4
1286,4
1287,4
1288,4
1289,4
1290,4
1291,0
1292,0
1293,0
1294,1
1295,0
1296,3
1297,0
1298,0
1299,1
1300,0
1301,0
1302,0
1303,0
1304,2
1305,3
1306,2
1307,2
1308,2
1309,2
1310,3
1311,3
1312,2
1313,3
1314,4
1315,2
1316,3
1317,3
1318,3
1319,4
1320,4
1321,0
1322,0
1323,1
1324,1
1325,1
1326,3
1327,2
1328,3
1329,2
1330,2
1331,2
1332,3
1333,3
1334,2
1335,2
1336,2
1337,2
1338,2
1339,2
1340,3
1341,3
1342,5
1343,4
1344,4
1345,4
1346,4
1347,4
1348,4
1349,5
1350,8
1351,1
1352,1
1353,0
1354,0
1355,0
1356,1
1357,2
1358,2
1359,3
1360,2
1361,2
1362,2
1363,2
1364,2
1365,2
1366,2
1367,2
1368,6
1369,4
1370,4
1371,5
1372,4
1373,5
1374,4
1375,5
1376,6
1377,5
1378,5
1379,5
1380,5
1381,0
1382,0
1383,0
1384,0
1385,0
1386,2
1387,0
1388,0
1389,0
1390,0
1391,2
1392,2
1393,2
1394,2
1395,4
1396,3
1397,3
1398,3
1399,3
1400,3
1401,3
1402,3
1403,3
1404,5
1405,4
1406,4
1407,4
1408,5
1409,4
1410,5
1411,1
1412,1
1413,1
1414,2
1415,2
1416,2
1417,3
1418,4
1419,3
1420,3
1421,3
1422,5
1423,3
1424,4
1425,3
1426,3
1427,3
1428,3
1429,4
1430,4
1431,4
1432,4
1433,4
1434,4
1435,4
1436,4
1437,4
1438,5
1439,5
1440,9
1441,3
1442,1
1443,2
1444,0
1445,0
1446,0
1447,1
1448,1
1449,1
1450,1
1451,1
1452,1
1453,1
1454,1
1455,1
1456,1
1457,2
1458,3
1459,1
1460,1
1461,2
1462,2
1463,3
1464,2
1465,3
1466,3
1467,3
1468,3
1469,3
1470,3
1471,0
1472,0
1473,1
1474,1
1475,0
1476,2
1477,0
1478,0
1479,0
1480,0
1481,0
1482,1
1483,3
1484,3
1485,4
1486,3
1487,3
1488,4
1489,4
1490,5
1491,4
1492,4
1493,4
1494,6
1495,4
1496,4
1497,4
1498,5
1499,5
1500,6
1501,0
1502,0
1503,0
1504,0
1505,0
1506,2
1507,2
1508,3
1509,2
1510,2
1511,2
1512,3
1513,4
1514,3
1515,2
1516,2
1517,2
1518,2
1519,2
1520,2
1521,3
1522,4
1523,3
1524,3
1525,3
1526,3
1527,3
1528,3
1529,4
1530,8
1531,0
1532,0
1533,0
1534,0
1535,0
1536,0
1537,1
1538,1
1539,2
1540,1
1541,1
1542,1
1543,1
1544,1
1545,1
1546,1
1547,1
1548,3
1549,3
1550,3
1551,3
1552,3
1553,4
1554,3
1555,4
1556,4
1557,4
1558,4
1559,5
1560,5
1561,0
1562,0
1563,0
1564,0
1565,0
1566,2
1567,0
1568,0
1569,0
1570,0
1571,2
1572,1
1573,1
1574,2
1575,3
1576,3
1577,3
1578,3
1579,4
1580,3
1581,3
1582,3
1583,3
1584,7
1585,3
1586,3
1587,3
1588,4
1589,3
1590,3
1591,0
1592,0
1593,0
1594,0
1595,0
1596,0
1597,0
1598,1
1599,0
1600,0
1601,1
1602,3
1603,1
1604,2
1605,1
1606,1
1607,1
1608,1
1609,2
1610,3
1611,3
1612,3
1613,4
1614,4
1615,4
1616,4
1617,4
1618,4
1619,4
1620,8
1621,1
1622,2
1623,0
1624,1
1625,1
1626,1
1627,1
1628,1
1629,2
1630,2
1631,1
1632,1
1633,2
1634,2
1635,3
1636,3
1637,5
1638,4
1639,5
1640,3
1641,3
1642,4
1643,4
1644,5
1645,4
1646,5
1647,5
1648,5
1649,5
1650,5
1651,0
1652,0
1653,1
1654,0
1655,0
1656,2
1657,0
1658,1
1659,1
1660,0
1661,0
1662,0
1663,0
1664,0
1665,2
1666,2
1667,2
1668,2
1669,2
1670,3
1671,2
1672,2
1673,2
1674,5
1675,3
1676,3
1677,3
1678,4
1679,4
1680,4
1681,0
1682,0
1683,0
1684,0
1685,0
1686,1
1687,0
1688,1
1689,1
1690,2
1691,1
1692,3
1693,1
1694,1
1695,1
1696,1
1697,1
1698,2
1699,2
1700,2
1701,2
1702,4
1703,3
1704,3
1705,3
1706,3
1707,3
1708,3
1709,4
1710,7
1711,1
1712,0
1713,0
1714,0
1715,1
1716,2
1717,2
1718,2
1719,3
1720,2
1721,2
1722,2
1723,2
1724,2
1725,2
1726,2
1727,2
1728,5
1729,3
1730,3
1731,3
1732,4
1733,4
1734,3
1735,5
1736,4
1737,4
1738,4
1739,4
1740,4
1741,0
1742,0
1743,0
1744,0
1745,0
1746,2
1747,0
1748,0
1749,0
1750,0
1751,1
1752,0
1753,1
1754,2
1755,3
1756,2
1757,2
1758,2
1759,2
1760,2
1761,2
1762,2
1763,2
1764,4
1765,2
1766,3
1767,3
1768,6
1769,4
1770,4
1771,0
1772,0
1773,0
1774,0
1775,0
1776,0
1777,0
1778,2
1779,1
1780,1
1781,1
1782,2
1783,1
1784,2
1785,2
1786,1
1787,1
1788,1
1789,2
1790,2
1791,2
1792,2
1793,2
1794,3
1795,3
1796,3
1797,3
1798,3
1799,3
1800,10
1801,0
1802,4
1803,0
1804,0
1805,0
1806,0
1807,0
1808,1
1809,1
1810,1
1811,1
1812,1
1813,1
1814,1
1815,1
1816,1
1817,2
1818,3
1819,1
1820,1
1821,2
1822,2
1823,3
1824,2
1825,3
1826,3
1827,3
1828,3
1829,3
1830,3
1831,0
1832,0
1833,2
1834,0
1835,0
1836,2
1837,0
1838,0
1839,0
1840,0
1841,0
1842,1
1843,1
1844,2
1845,3
1846,2
1847,2
1848,3
1849,3
1850,4
1851,3
1852,3
1853,4
1854,5
1855,5
1856,5
1857,6
1858,5
1859,6
1860,6
1861,0
1862,0
1863,0
1864,0
1865,1
1866,2
1867,1
1868,2
1869,1
1870,1
1871,1
1872,3
1873,3
1874,1
1875,1
1876,1
1877,1
1878,1
1879,2
1880,2
1881,2
1882,3
1883,2
1884,2
1885,2
1886,2
1887,2
1888,3
1889,3
1890,7
1891,0
1892,0
1893,0
1894,0
1895,0
1896,0
1897,0
1898,0
1899,2
1900,0
1901,1
1902,1
1903,1
1904,1
1905,1
1906,1
1907,1
1908,2
1909,2
1910,3
1911,2
1912,2
1913,3
1914,2
1915,4
1916,3
1917,3
1918,4
1919,4
1920,4
1921,0
1922,0
1923,0
1924,0
1925,0
1926,2
1927,0
1928,0
1929,0
1930,1
1931,2
1932,1
1933,2
1934,2
1935,3
1936,3
1937,4
1938,3
1939,3
1940,3
1941,3
1942,3
1943,3
1944,7
1945,3
1946,3
1947,3
1948,4
1949,3
1950,3
1951,0
1952,0
1953,0
1954,0
1955,0
1956,0
1957,0
1958,2
1959,1
1960,1
1961,1
1962,3
1963,1
1964,2
1965,2
1966,1
1967,2
1968,1
1969,2
1970,2
1971,2
1972,2
1973,2
1974,2
1975,3
1976,3
1977,3
1978,3
1979,3
1980,6
1981,3
1982,1
1983,0
1984,0
1985,0
1986,0
1987,1
1988,1
1989,1
1990,2
1991,2
1992,2
1993,2
1994,2
1995,2
1996,2
1997,3
1998,4
1999,2
2000,2
2001,2
2002,3
2003,4
2004,4
2005,4
2006,4
2007,4
2008,4
2009,4
2010,4
2011,0
2012,0
2013,1
2014,0
2015,0
2016,3
2017,0
2018,0
2019,1
2020,0
2021,1
2022,1
2023,2
2024,3
2025,5
2026,3
2027,3
2028,3
2029,3
2030,5
2031,3
2032,3
2033,3
2034,5
2035,3
2036,4
2037,4
2038,4
2039,4
2040,5
2041,0
2042,0
2043,0
2044,0
2045,0
2046,2
2047,1
2048,2
2049,1
2050,1
2051,1
2052,2
2053,2
2054,1
2055,1
2056,1
2057,1
2058,2
2059,2
2060,2
2061,2
2062,3
2063,2
2064,3
2065,3
2066,3
2067,3
2068,3
2069,4
2070,7
2071,1
2072,0
2073,0
2074,0
2075,0
2076,0
2077,1
2078,1
2079,2
2080,1
2081,1
2082,1
2083,1
2084,1
2085,1
2086,1
2087,1
2088,5
2089,1
2090,1
2091,2
2092,2
2093,3
2094,2
2095,3
2096,4
2097,4
2098,3
2099,3
2100,3
2101,0
2102,0
2103,0
2104,0
2105,0
2106,2
2107,0
2108,0
2109,0
2110,0
2111,2
2112,1
2113,2
2114,2
2115,3
2116,3
2117,3
2118,3
2119,4
2120,3
2121,3
2122,3
2123,3
2124,5
2125,3
2126,3
2127,3
2128,5
2129,4
2130,4
2131,1
2132,0
2133,0
2134,0
2135,0
2136,0
2137,1
2138,2
2139,1
2140,1
2141,2
2142,4
2143,2
2144,3
2145,2
2146,2
2147,2
2148,2
2149,2
2150,2
2151,3
2152,3
2153,3
2154,4
2155,4
2156,4
2157,4
2158,4
2159,4
2160,9
2161,3
2162,0
2163,1
2164,1
2165,0
2166,0
2167,0
2168,1
2169,1
2170,1
2171,1
2172,1
2173,1
2174,1
2175,1
2176,1
2177,2
2178,3
2179,1
2180,1
2181,1
2182,2
2183,2
2184,3
2185,4
2186,3
2187,3
2188,3
2189,3
2190,3
2191,0
2192,0
2193,1
2194,0
2195,0
2196,2
2197,0
2198,0
2199,1
2200,1
2201,1
2202,1
2203,1
2204,2
2205,5
2206,4
2207,4
2208,4
2209,4
2210,5
2211,4
2212,4
2213,4
2214,6
2215,4
2216,5
2217,5
2218,5
2219,6
2220,6
2221,0
2222,0
2223,1
2224,1
2225,1
2226,3
2227,1
2228,3
2229,2
2230,2
2231,2
2232,4
2233,4
2234,2
2235,2
2236,2
2237,2
2238,2
2239,2
2240,2
2241,2
2242,4
2243,3
2244,3
2245,3
2246,3
2247,4
2248,4
2249,4
2250,8
2251,0
2252,1
2253,0
2254,0
2255,0
2256,1
2257,1
2258,1
2259,1
2260,2
2261,1
2262,1
2263,1
2264,1
2265,1
2266,1
2267,2
2268,4
2269,2
2270,3
2271,3
2272,3
2273,4
2274,3
2275,3
2276,4
2277,4
2278,5
2279,5
2280,5
2281,0
2282,0
2283,0
2284,0
2285,0
2286,2
2287,0
2288,0
2289,0
2290,0
2291,3
2292,1
2293,2
2294,2
2295,4
2296,3
2297,3
2298,3
2299,3
2300,3
2301,3
2302,3
2303,3
2304,5
2305,4
2306,3
2307,5
2308,5
2309,4
2310,4
2311,0
2312,0
2313,0
2314,0
2315,0
2316,0
2317,0
2318,1
2319,0
2320,1
2321,1
2322,2
2323,2
2324,2
2325,1
2326,1
2327,1
2328,1
2329,1
2330,1
2331,2
2332,2
2333,3
2334,3
2335,3
2336,4
2337,4
2338,4
2339,4
2340,7
2341,3
2342,1
2343,0
2344,0
2345,1
2346,1
2347,1
2348,1
2349,1
2350,2
2351,2
2352,2
2353,2
2354,2
2355,2
2356,2
2357,4
2358,3
2359,3
2360,2
2361,2
2362,3
2363,4
2364,4
2365,4
2366,4
2367,4
2368,4
2369,4
2370,4
2371,0
2372,0
2373,1
2374,0
2375,0
2376,2
2377,0
2378,0
2379,2
2380,0
2381,0
2382,0
2383,0
2384,0
2385,2
2386,2
2387,2
2388,2
2389,2
2390,3
2391,2
2392,2
2393,2
2394,4
2395,2
2396,3
2397,4
2398,4
2399,4
2400,4
2401,0
2402,0
2403,0
2404,0
2405,0
2406,2
2407,1
2408,2
2409,1
2410,1
2411,1
2412,2
2413,1
2414,2
2415,1
2416,1
2417,2
2418,2
2419,2
2420,2
2421,2
2422,5
2423,3
2424,3
2425,3
2426,3
2427,3
2428,4
2429,4
2430,8
2431,0
2432,0
2433,0
2434,0
2435,0
2436,0
2437,1
2438,1
2439,2
2440,1
2441,1
2442,1
2443,1
2444,1
2445,1
2446,1
2447,1
2448,5
2449,1
2450,2
2451,2
2452,2
2453,3
2454,2
2455,4
2456,3
2457,3
2458,3
2459,3
2460,3
2461,0
2462,0
2463,0
2464,0
2465,0
2466,2
2467,0
2468,0
2469,0
2470,1
2471,2
2472,1
2473,2
2474,3
2475,4
2476,3
2477,3
2478,4
2479,3
2480,3
2481,3
2482,3
2483,3
2484,5
2485,3
2486,3
2487,3
2488,4
2489,4
2490,3
2491,0
2492,0
2493,0
2494,0
2495,0
2496,0
2497,0
2498,2
2499,1
2500,1
2501,1
2502,3
2503,1
2504,1
2505,2
2506,1
2507,1
2508,2
2509,3
2510,3
2511,3
2512,3
2513,4
2514,4
2515,4
2516,4
2517,4
2518,4
2519,4
2520,11
2521,0
2522,0
2523,2
2524,0
2525,0
2526,1
2527,1
2528,2
2529,2
2530,2
2531,2
2532,2
2533,2
2534,2
2535,2
2536,2
2537,3
2538,4
2539,2
2540,3
2541,3
2542,3
2543,4
2544,4
2545,4
2546,4
2547,4
2548,4
2549,4
2550,4
2551,0
2552,0
2553,2
2554,0
2555,0
2556,2
2557,0
2558,0
2559,0
2560,0
2561,0
2562,1
2563,1
2564,2
2565,3
2566,2
2567,2
2568,3
2569,3
2570,4
2571,3
2572,3
2573,3
2574,5
2575,3
2576,3
2577,3
2578,3
2579,5
2580,5
2581,0
2582,0
2583,0
2584,0
2585,0
2586,2
2587,1
2588,2
2589,1
2590,1
2591,1
2592,3
2593,3
2594,1
2595,1
2596,1
2597,1
2598,1
2599,1
2600,1
2601,2
2602,3
2603,2
2604,2
2605,2
2606,2
2607,2
2608,3
2609,3
2610,7
2611,0
2612,0
2613,0
2614,0
2615,0
2616,0
2617,0
2618,1
2619,2
2620,2
2621,1
2622,1
2623,1
2624,2
2625,1
2626,1
2627,1
2628,3
2629,1
2630,2
2631,2
2632,2
2633,4
2634,3
2635,5
2636,4
2637,4
2638,4
2639,4
2640,4
2641,0
2642,0
2643,0
2644,0
2645,0
2646,2
2647,0
2648,0
2649,0
2650,0
2651,1
2652,1
2653,1
2654,3
2655,3
2656,4
2657,3
2658,3
2659,3
2660,3
2661,3
2662,3
2663,3
2664,6
2665,4
2666,3
2667,3
2668,4
2669,3
2670,3
2671,0
2672,1
2673,2
2674,2
2675,2
2676,2
2677,2
2678,4
2679,3
2680,3
2681,3
2682,4
2683,4
2684,4
2685,3
2686,3
2687,4
2688,3
2689,3
2690,3
2691,3
2692,3
2693,3
2694,3
2695,4
2696,5
2697,5
2698,5
2699,5
2700,9
2701,2
2702,1
2703,1
2704,0
2705,0
2706,2
2707,1
2708,1
2709,1
2710,1
2711,1
2712,1
2713,1
2714,1
2715,1
2716,2
2717,3
2718,3
2719,3
2720,2
2721,2
2722,2
2723,4
2724,3
2725,4
2726,4
2727,4
2728,4
2729,4
2730,4
2731,0
2732,0
2733,1
2734,0
2735,0
2736,3
2737,1
2738,0
2739,0
2740,0
2741,0
2742,1
2743,2
2744,2
2745,3
2746,2
2747,2
2748,2
2749,2
2750,3
2751,2
2752,2
2753,2
2754,4
2755,3
2756,2
2757,2
2758,2
2759,2
2760,2
2761,0
2762,0
2763,0
2764,0
2765,0
2766,1
2767,0
2768,2
2769,1
2770,1
2771,1
2772,2
2773,1
2774,1
2775,2
2776,1
2777,1
2778,1
2779,2
2780,3
2781,3
2782,5
2783,3
2784,3
2785,3
2786,3
2787,4
2788,4
2789,4
2790,8
2791,0
2792,0
2793,1
2794,1
2795,1
2796,1
2797,2
2798,2
2799,3
2800,2
2801,2
2802,3
2803,3
2804,3
2805,3
2806,3
2807,3
2808,7
2809,5
2810,7
2811,6
2812,6
2813,6
2814,5
2815,6
2816,7
2817,6
2818,7
2819,6
2820,6
2821,1
2822,0
2823,0
2824,0
2825,0
2826,2
2827,0
2828,0
2829,0
2830,0
2831,1
2832,0
2833,1
2834,3
2835,4
2836,3
2837,3
2838,3
2839,3
2840,3
2841,3
2842,3
2843,3
2844,5
2845,3
2846,3
2847,3
2848,4
2849,3
2850,3
2851,0
2852,0
2853,0
2854,0
2855,0
2856,0
2857,0
2858,1
2859,0
2860,2
2861,2
2862,4
2863,2
2864,3
2865,2
2866,2
2867,2
2868,3
2869,3
2870,3
2871,3
2872,3
2873,3
2874,3
2875,3
2876,3
2877,4
2878,4
2879,4
2880,10
2881,2
2882,1
2883,1
2884,0
2885,0
2886,1
2887,2
2888,2
2889,2
2890,2
2891,2
2892,2
2893,2
2894,2
2895,2
2896,2
2897,3
2898,3
2899,2
2900,3
2901,2
2902,3
2903,4
2904,3
2905,4
2906,4
2907,4
2908,4
2909,4
2910,4
2911,0
2912,0
2913,1
2914,0
2915,0
2916,2
2917,0
2918,0
2919,0
2920,0
2921,0
2922,0
2923,2
2924,4
2925,5
2926,5
2927,4
2928,4
2929,4
2930,5
2931,4
2932,4
2933,4
2934,6
2935,4
2936,4
2937,4
2938,4
2939,4
2940,5
2941,0
2942,0
2943,0
2944,0
2945,0
2946,3
2947,2
2948,2
2949,1
2950,1
2951,1
2952,4
2953,2
2954,1
2955,1
2956,1
2957,1
2958,1
2959,1
2960,1
2961,1
2962,2
2963,1
2964,1
2965,2
2966,2
2967,2
2968,2
2969,3
2970,6
2971,1
2972,0
2973,0
2974,0
2975,0
2976,0
2977,0
2978,1
2979,1
2980,1
2981,2
2982,1
2983,1
2984,1
2985,1
2986,1
2987,1
2988,3
2989,1
2990,3
2991,3
2992,3
2993,4
2994,4
2995,5
2996,4
2997,5
2998,5
2999,5
3000,5
3001,0
3002,0
3003,0
3004,0
3005,0
3006,2
3007,0
3008,0
3009,0
3010,0
3011,1
3012,1
3013,1
3014,2
3015,3
3016,3
3017,3
3018,3
3019,3
3020,3
3021,3
3022,3
3023,3
3024,6
3025,3
3026,4
3027,3
3028,4
3029,3
3030,3
3031,0
3032,0
3033,0
3034,0
3035,0
3036,0
3037,1
3038,2
3039,1
3040,1
3041,1
3042,3
3043,1
3044,1
3045,2
3046,1
3047,1
3048,2
3049,2
3050,2
3051,2
3052,2
3053,2
3054,2
3055,3
3056,4
3057,4
3058,4
3059,4
3060,8
3061,2
3062,0
3063,1
3064,0
3065,0
3066,1
3067,1
3068,2
3069,2
3070,2
3071,2
3072,2
3073,2
3074,2
3075,2
3076,2
3077,4
3078,4
3079,2
3080,2
3081,2
3082,3
3083,4
3084,3
3085,3
3086,3
3087,4
3088,4
3089,4
3090,4
3091,0
3092,0
3093,1
3094,0
3095,0
3096,3
3097,1
3098,0
3099,0
3100,0
3101,0
3102,0
3103,0
3104,1
3105,2
3106,2
3107,2
3108,2
3109,2
3110,4
3111,2
3112,2
3113,2
3114,4
3115,2
3116,2
3117,3
3118,3
3119,3
3120,3
3121,0
3122,0
3123,0
3124,0
3125,1
3126,2
3127,1
3128,2
3129,1
3130,1
3131,1
3132,3
3133,1
3134,1
3135,1
3136,1
3137,1
3138,2
3139,2
3140,3
3141,3
3142,4
3143,4
3144,3
3145,3
3146,3
3147,3
3148,4
3149,4
3150,8
3151,1
3152,0
3153,0
3154,0
3155,0
3156,0
3157,0
3158,2
3159,3
3160,2
3161,2
3162,2
3163,2
3164,2
3165,3
3166,3
3167,3
3168,5
3169,5
3170,3
3171,4
3172,4
3173,5
3174,4
3175,6
3176,5
3177,5
3178,5
3179,5
3180,5
3181,0
3182,0
3183,0
3184,0
3185,0
3186,2
3187,0
3188,0
3189,0
3190,0
3191,1
3192,0
3193,2
3194,3
3195,4
3196,3
3197,3
3198,3
3199,3
3200,3
3201,3
3202,3
3203,3
3204,6
3205,4
3206,4
3207,4
3208,6
3209,4
3210,5
3211,0
3212,0
3213,0
3214,0
3215,0
3216,0
3217,0
3218,1
3219,2
3220,1
3221,1
3222,3
3223,1
3224,2
3225,1
3226,1
3227,1
3228,1
3229,2
3230,2
3231,2
3232,2
3233,2
3234,2
3235,3
3236,3
3237,3
3238,3
3239,3
3240,9
3241,2
3242,0
3243,0
3244,0
3245,0
3246,1
3247,0
3248,0
3249,0
3250,1
3251,1
3252,1
3253,1
3254,1
3255,1
3256,1
3257,2
3258,3
3259,1
3260,1
3261,1
3262,1
3263,3
3264,2
3265,3
3266,3
3267,3
3268,3
3269,3
3270,3
3271,0
3272,0
3273,2
3274,1
3275,0
3276,1
3277,1
3278,0
3279,0
3280,0
3281,0
3282,0
3283,2
3284,2
3285,3
3286,2
3287,2
3288,2
3289,2
3290,4
3291,3
3292,3
3293,3
3294,6
3295,4
3296,4
3297,4
3298,4
3299,4
3300,5
3301,0
3302,0
3303,0
3304,0
3305,0
3306,2
3307,1
3308,2
3309,1
3310,1
3311,1
3312,4
3313,2
3314,1
3315,1
3316,1
3317,1
3318,1
3319,1
3320,2
3321,2
3322,3
3323,2
3324,2
3325,2
3326,2
3327,2
3328,3
3329,3
3330,6
3331,1
3332,0
3333,0
3334,0
3335,0
3336,0
3337,1
3338,1
3339,3
3340,1
3341,1
3342,1
3343,1
3344,1
3345,1
3346,1
3347,1
3348,3
3349,1
3350,2
3351,2
3352,3
3353,4
3354,3
3355,4
3356,3
3357,4
3358,4
3359,4
3360,4
3361,0
3362,0
3363,0
3364,0
3365,0
3366,2
3367,0
3368,0
3369,0
3370,0
3371,1
3372,0
3373,2
3374,2
3375,3
3376,4
3377,4
3378,3
3379,3
3380,3
3381,3
3382,3
3383,3
3384,7
3385,3
3386,3
3387,3
3388,4
3389,3
3390,4
3391,0
3392,0
3393,0
3394,0
3395,0
3396,0
3397,0
3398,1
3399,1
3400,2
3401,1
3402,2
3403,2
3404,1
3405,1
3406,2
3407,2
3408,1
3409,2
3410,2
3411,2
3412,2
3413,3
3414,3
3415,3
3416,3
3417,3
3418,3
3419,3
3420,7
3421,2
3422,1
3423,0
3424,0
3425,0
3426,0
3427,0
3428,0
3429,0
3430,1
3431,1
3432,1
3433,1
3434,2
3435,2
3436,2
3437,4
3438,4
3439,2
3440,2
3441,2
3442,2
3443,2
3444,2
3445,2
3446,4
3447,3
3448,3
3449,3
3450,3
3451,0
3452,0
3453,0
3454,1
3455,0
3456,3
3457,0
3458,0
3459,0
3460,1
3461,0
3462,0
3463,1
3464,2
3465,3
3466,2
3467,2
3468,2
3469,2
3470,4
3471,2
3472,2
3473,2
3474,5
3475,3
3476,3
3477,3
3478,3
3479,3
3480,4
3481,0
3482,0
3483,0
3484,0
3485,0
3486,1
3487,0
3488,1
3489,0
3490,1
3491,1
3492,3
3493,1
3494,1
3495,1
3496,1
3497,1
3498,1
3499,2
3500,2
3501,3
3502,4
3503,3
3504,3
3505,3
3506,3
3507,3
3508,3
3509,4
3510,8
3511,1
3512,1
3513,1
3514,1
3515,1
3516,1
3517,2
3518,2
3519,3
3520,2
3521,2
3522,2
3523,2
3524,2
3525,2
3526,2
3527,2
3528,6
3529,4
3530,3
3531,3
3532,3
3533,4
3534,3
3535,5
3536,3
3537,4
3538,4
3539,4
3540,4
3541,0
3542,0
3543,0
3544,0
3545,0
3546,2
3547,0
3548,0
3549,1
3550,1
3551,2
3552,1
3553,2
3554,3
3555,4
3556,3
3557,3
3558,3
3559,3
3560,3
3561,3
3562,3
3563,3
3564,5
3565,3
3566,3
3567,3
3568,4
3569,4
3570,4
3571,0
3572,0
3573,0
3574,1
3575,1
3576,1
3577,2
3578,3
3579,2
3580,3
3581,4
3582,6
3583,4
3584,4
3585,5
3586,4
3587,5
3588,5
3589,6
3590,5
3591,5
3592,5
3593,6
3594,7
3595,7
3596,7
3597,7
3598,7
3599,7
